﻿[
  {
    "n": {
"identity": 0,
"labels": [
        "Event"
      ],
"properties": {
"name": "The Pyeongchang Winter Olympics"
      }
    }
  },
  {
    "n": {
"identity": 1,
"labels": [
        "Event"
      ],
"properties": {
"name": "Alpine skiing events"
      }
    }
  },
  {
    "n": {
"identity": 2,
"labels": [
        "Event"
      ],
"properties": {
"name": "Ladies' Alpine Combined"
      }
    }
  },
  {
    "n": {
"identity": 3,
"labels": [
        "State"
      ],
"properties": {
"name": "Ladies' Alpine Combined normal"
      }
    }
  },
  {
    "n": {
"identity": 4,
"labels": [
        "State"
      ],
"properties": {
"name": "Ladies' Alpine Combined ahead"
      }
    }
  },
  {
    "n": {
"identity": 5,
"labels": [
        "Time"
      ],
"properties": {
"date": "2018/2/23 11:00"
      }
    }
  },
  {
    "n": {
"identity": 6,
"labels": [
        "Time"
      ],
"properties": {
"date": "2018/2/22 11:00"
      }
    }
  },
  {
    "n": {
"identity": 7,
"labels": [
        "Event"
      ],
"properties": {
"name": "Men's Downhill"
      }
    }
  },
  {
    "n": {
"identity": 8,
"labels": [
        "State"
      ],
"properties": {
"name": "Men's Downhill normal"
      }
    }
  },
  {
    "n": {
"identity": 9,
"labels": [
        "State"
      ],
"properties": {
"name": "Men's Downhill postponed"
      }
    }
  },
  {
    "n": {
"identity": 10,
"labels": [
        "Time"
      ],
"properties": {
"date": "2018/2/11  11:30"
      }
    }
  },
  {
    "n": {
"identity": 11,
"labels": [
        "Time"
      ],
"properties": {
"date": "2018/2/15  11:30"
      }
    }
  },
  {
    "n": {
"identity": 22,
"labels": [
        "Place"
      ],
"properties": {
"name": "Jeongseon Alpine Centre"
      }
    }
  },
  {
    "n": {
"identity": 23,
"labels": [
        "Object"
      ],
"properties": {
"name": "Course",
"ObjType": "Downhill Course"
      }
    }
  },
  {
    "n": {
"identity": 24,
"labels": [
        "Attribute"
      ],
"properties": {
"AtrType": "Course Name",
"value": "Jeongseon Downhil"
      }
    }
  },
  {
    "n": {
"identity": 25,
"labels": [
        "Attribute"
      ],
"properties": {
"AtrType": "Start Altitude",
"value": "1130m"
      }
    }
  },
  {
    "n": {
"identity": 26,
"labels": [
        "Attribute"
      ],
"properties": {
"AtrType": "Finish Altitude",
"value": "545m"
      }
    }
  },
  {
    "n": {
"identity": 27,
"labels": [
        "Attribute"
      ],
"properties": {
"AtrType": "Course Length",
"value": "1910m"
      }
    }
  },
  {
    "n": {
"identity": 28,
"labels": [
        "Attribute"
      ],
"properties": {
"AtrType": "Gates",
"value": "38"
      }
    }
  },
  {
    "n": {
"identity": 29,
"labels": [
        "Object"
      ],
"properties": {
"name": "Course",
"ObjType": "Slalom Course"
      }
    }
  },
  {
    "n": {
"identity": 30,
"labels": [
        "Attribute"
      ],
"properties": {
"AtrType": "Course Name",
"value": "Jeongseon Slalom"
      }
    }
  },
  {
    "n": {
"identity": 31,
"labels": [
        "Attribute"
      ],
"properties": {
"AtrType": "Start Altitude",
"value": "724m"
      }
    }
  },
  {
    "n": {
"identity": 32,
"labels": [
        "Attribute"
      ],
"properties": {
"AtrType": "Finish Altitude",
"value": "545m"
      }
    }
  },
  {
    "n": {
"identity": 33,
"labels": [
        "Attribute"
      ],
"properties": {
"AtrType": "Vertical Drop",
"value": "179m"
      }
    }
  },
  {
    "n": {
"identity": 34,
"labels": [
        "Object"
      ],
"properties": {
"name": "Course",
"ObjType": "Downhill Course"
      }
    }
  },
  {
    "n": {
"identity": 35,
"labels": [
        "Attribute"
      ],
"properties": {
"AtrType": "Course Name",
"value": "Jeongseon Downhil"
      }
    }
  },
  {
    "n": {
"identity": 36,
"labels": [
        "Attribute"
      ],
"properties": {
"AtrType": "Start Altitude",
"value": "1370m"
      }
    }
  },
  {
    "n": {
"identity": 37,
"labels": [
        "Attribute"
      ],
"properties": {
"AtrType": "Finish Altitude",
"value": "545m"
      }
    }
  },
  {
    "n": {
"identity": 38,
"labels": [
        "Attribute"
      ],
"properties": {
"AtrType": "Course Length",
"value": "2965m"
      }
    }
  },
  {
    "n": {
"identity": 39,
"labels": [
        "Attribute"
      ],
"properties": {
"AtrType": "Gates",
"value": "33"
      }
    }
  },
  {
    "n": {
"identity": 40,
"labels": [
        "Attribute"
      ],
"properties": {
"AtrType": "Vertical Drop",
"value": "825m"
      }
    }
  },
  {
    "n": {
"identity": 54,
"labels": [
        "Event"
      ],
"properties": {
"name": "Men's Super-G"
      }
    }
  },
  {
    "n": {
"identity": 55,
"labels": [
        "State"
      ],
"properties": {
"name": "Men's Super-G normal"
      }
    }
  },
  {
    "n": {
"identity": 56,
"labels": [
        "State"
      ],
"properties": {
"name": "Men's Super-G postponed"
      }
    }
  },
  {
    "n": {
"identity": 57,
"labels": [
        "Time"
      ],
"properties": {
"date": "2018/2/15 11:00"
      }
    }
  },
  {
    "n": {
"identity": 58,
"labels": [
        "Time"
      ],
"properties": {
"date": "2018/2/16 11:00"
      }
    }
  },
  {
    "n": {
"identity": 59,
"labels": [
        "Object"
      ],
"properties": {
"name": "Course",
"ObjType": "Super-G Course"
      }
    }
  },
  {
    "n": {
"identity": 60,
"labels": [
        "Attribute"
      ],
"properties": {
"AtrType": "Course Name",
"value": "Jeongseon Downhil"
      }
    }
  },
  {
    "n": {
"identity": 61,
"labels": [
        "Attribute"
      ],
"properties": {
"AtrType": "Start Altitude",
"value": "1195m"
      }
    }
  },
  {
    "n": {
"identity": 62,
"labels": [
        "Attribute"
      ],
"properties": {
"AtrType": "Finish Altitude",
"value": "545m"
      }
    }
  },
  {
    "n": {
"identity": 63,
"labels": [
        "Attribute"
      ],
"properties": {
"AtrType": "Course Length",
"value": "2322m"
      }
    }
  },
  {
    "n": {
"identity": 64,
"labels": [
        "Attribute"
      ],
"properties": {
"AtrType": "Gates",
"value": "45"
      }
    }
  },
  {
    "n": {
"identity": 65,
"labels": [
        "Attribute"
      ],
"properties": {
"AtrType": "Vertical Drop",
"value": "650m"
      }
    }
  },
  {
    "n": {
"identity": 66,
"labels": [
        "Attribute"
      ],
"properties": {
"AtrType": "Turning Gates",
"value": "40"
      }
    }
  },
  {
    "n": {
"identity": 67,
"labels": [
        "State"
      ],
"properties": {
"name": "Men's Alpine Combined normal"
      }
    }
  },
  {
    "n": {
"identity": 68,
"labels": [
        "Time"
      ],
"properties": {
"date": "2018/2/13 11:30"
      }
    }
  },
  {
    "n": {
"identity": 69,
"labels": [
        "Event"
      ],
"properties": {
"name": "Men's Alpine Combined"
      }
    }
  },
  {
    "n": {
"identity": 70,
"labels": [
        "Object"
      ],
"properties": {
"name": "Course",
"ObjType": "Downhill Course"
      }
    }
  },
  {
    "n": {
"identity": 71,
"labels": [
        "Attribute"
      ],
"properties": {
"AtrType": "Course Name",
"value": "Jeongseon Downhil"
      }
    }
  },
  {
    "n": {
"identity": 72,
"labels": [
        "Attribute"
      ],
"properties": {
"AtrType": "Start Altitude",
"value": "1195m"
      }
    }
  },
  {
    "n": {
"identity": 73,
"labels": [
        "Attribute"
      ],
"properties": {
"AtrType": "Finish Altitude",
"value": "545m"
      }
    }
  },
  {
    "n": {
"identity": 74,
"labels": [
        "Attribute"
      ],
"properties": {
"AtrType": "Course Length",
"value": "2050m"
      }
    }
  },
  {
    "n": {
"identity": 75,
"labels": [
        "Attribute"
      ],
"properties": {
"AtrType": "Gates",
"value": "25"
      }
    }
  },
  {
    "n": {
"identity": 76,
"labels": [
        "Attribute"
      ],
"properties": {
"AtrType": "Vertical Drop",
"value": "650m"
      }
    }
  },
  {
    "n": {
"identity": 77,
"labels": [
        "Object"
      ],
"properties": {
"name": "Course",
"ObjType": "Slalom Course"
      }
    }
  },
  {
    "n": {
"identity": 78,
"labels": [
        "Attribute"
      ],
"properties": {
"AtrType": "Course Name",
"value": "Jeongseon Slalom"
      }
    }
  },
  {
    "n": {
"identity": 79,
"labels": [
        "Attribute"
      ],
"properties": {
"AtrType": "Start Altitude",
"value": "745m"
      }
    }
  },
  {
    "n": {
"identity": 80,
"labels": [
        "Attribute"
      ],
"properties": {
"AtrType": "Finish Altitude",
"value": "545m"
      }
    }
  },
  {
    "n": {
"identity": 81,
"labels": [
        "Attribute"
      ],
"properties": {
"AtrType": "Gates",
"value": "60"
      }
    }
  },
  {
    "n": {
"identity": 82,
"labels": [
        "Attribute"
      ],
"properties": {
"AtrType": "Vertical Drop",
"value": "200m"
      }
    }
  },
  {
    "n": {
"identity": 83,
"labels": [
        "Attribute"
      ],
"properties": {
"AtrType": "Turning Gates",
"value": "57"
      }
    }
  },
  {
    "n": {
"identity": 84,
"labels": [
        "Event"
      ],
"properties": {
"name": "Ladies' Super-G"
      }
    }
  },
  {
    "n": {
"identity": 85,
"labels": [
        "State"
      ],
"properties": {
"name": "Ladies' Super-G normal"
      }
    }
  },
  {
    "n": {
"identity": 86,
"labels": [
        "Time"
      ],
"properties": {
"date": "2018/2/17 12:00"
      }
    }
  },
  {
    "n": {
"identity": 87,
"labels": [
        "Event"
      ],
"properties": {
"name": "Ladies' Giant Slalom"
      }
    }
  },
  {
    "n": {
"identity": 88,
"labels": [
        "State"
      ],
"properties": {
"name": "Ladies' Giant Slalom normal"
      }
    }
  },
  {
    "n": {
"identity": 89,
"labels": [
        "State"
      ],
"properties": {
"name": "Ladies' Giant Slalom postponed"
      }
    }
  },
  {
    "n": {
"identity": 90,
"labels": [
        "Time"
      ],
"properties": {
"date": "2018/2/12 10:00"
      }
    }
  },
  {
    "n": {
"identity": 91,
"labels": [
        "Time"
      ],
"properties": {
"date": "2018/2/15 10:00"
      }
    }
  },
  {
    "n": {
"identity": 92,
"labels": [
        "Object"
      ],
"properties": {
"name": "Course",
"ObjType": "Giant Slalom Course"
      }
    }
  },
  {
    "n": {
"identity": 93,
"labels": [
        "Attribute"
      ],
"properties": {
"AtrType": "Course Name",
"value": "Rainbow 1"
      }
    }
  },
  {
    "n": {
"identity": 94,
"labels": [
        "Attribute"
      ],
"properties": {
"AtrType": "Start Altitude",
"value": "1365m"
      }
    }
  },
  {
    "n": {
"identity": 95,
"labels": [
        "Attribute"
      ],
"properties": {
"AtrType": "Finish Altitude",
"value": "965m"
      }
    }
  },
  {
    "n": {
"identity": 96,
"labels": [
        "Attribute"
      ],
"properties": {
"AtrType": "Gates",
"value": "51"
      }
    }
  },
  {
    "n": {
"identity": 97,
"labels": [
        "Attribute"
      ],
"properties": {
"AtrType": "Vertical Drop",
"value": "400m"
      }
    }
  },
  {
    "n": {
"identity": 98,
"labels": [
        "Attribute"
      ],
"properties": {
"AtrType": "Turning Gates",
"value": "49"
      }
    }
  },
  {
    "n": {
"identity": 99,
"labels": [
        "Place"
      ],
"properties": {
"name": "Yongpyong Alpine Centre"
      }
    }
  },
  {
    "n": {
"identity": 100,
"labels": [
        "Event"
      ],
"properties": {
"name": "Ladies' Slalom"
      }
    }
  },
  {
    "n": {
"identity": 101,
"labels": [
        "State"
      ],
"properties": {
"name": "Ladies' Slalom normal"
      }
    }
  },
  {
    "n": {
"identity": 102,
"labels": [
        "State"
      ],
"properties": {
"name": "Ladies' Slalom postponed"
      }
    }
  },
  {
    "n": {
"identity": 103,
"labels": [
        "Time"
      ],
"properties": {
"date": "2018/2/14 10:00"
      }
    }
  },
  {
    "n": {
"identity": 104,
"labels": [
        "Time"
      ],
"properties": {
"date": "2018/2/16 10:00"
      }
    }
  },
  {
    "n": {
"identity": 105,
"labels": [
        "Object"
      ],
"properties": {
"name": "Course",
"ObjType": "Slalom Course"
      }
    }
  },
  {
    "n": {
"identity": 106,
"labels": [
        "Attribute"
      ],
"properties": {
"AtrType": "Course Name",
"value": "Rainbow 1"
      }
    }
  },
  {
    "n": {
"identity": 107,
"labels": [
        "Attribute"
      ],
"properties": {
"AtrType": "Start Altitude",
"value": "1169m"
      }
    }
  },
  {
    "n": {
"identity": 108,
"labels": [
        "Attribute"
      ],
"properties": {
"AtrType": "Finish Altitude",
"value": "965m"
      }
    }
  },
  {
    "n": {
"identity": 109,
"labels": [
        "Attribute"
      ],
"properties": {
"AtrType": "Gates",
"value": "63"
      }
    }
  },
  {
    "n": {
"identity": 110,
"labels": [
        "Attribute"
      ],
"properties": {
"AtrType": "Vertical Drop",
"value": "204m"
      }
    }
  },
  {
    "n": {
"identity": 111,
"labels": [
        "Attribute"
      ],
"properties": {
"AtrType": "Turning Gates",
"value": "61"
      }
    }
  },
  {
    "n": {
"identity": 127,
"labels": [
        "Object"
      ],
"properties": {
"name": "Course",
"ObjType": "Super-G Course"
      }
    }
  },
  {
    "n": {
"identity": 128,
"labels": [
        "Attribute"
      ],
"properties": {
"AtrType": "Course Name",
"value": "Jeongseon Downhil"
      }
    }
  },
  {
    "n": {
"identity": 129,
"labels": [
        "Attribute"
      ],
"properties": {
"AtrType": "Start Altitude",
"value": "1130m"
      }
    }
  },
  {
    "n": {
"identity": 130,
"labels": [
        "Attribute"
      ],
"properties": {
"AtrType": "Finish Altitude",
"value": "545m"
      }
    }
  },
  {
    "n": {
"identity": 131,
"labels": [
        "Attribute"
      ],
"properties": {
"AtrType": "Course Length",
"value": "2010m"
      }
    }
  },
  {
    "n": {
"identity": 132,
"labels": [
        "Attribute"
      ],
"properties": {
"AtrType": "Gates",
"value": "43"
      }
    }
  },
  {
    "n": {
"identity": 133,
"labels": [
        "Attribute"
      ],
"properties": {
"AtrType": "Vertical Drop",
"value": "585m"
      }
    }
  },
  {
    "n": {
"identity": 134,
"labels": [
        "Attribute"
      ],
"properties": {
"AtrType": "Turning Gates",
"value": "38"
      }
    }
  },
  {
    "n": {
"identity": 135,
"labels": [
        "Event"
      ],
"properties": {
"name": "Men's Giant Slalom"
      }
    }
  },
  {
    "n": {
"identity": 136,
"labels": [
        "State"
      ],
"properties": {
"name": "Men's Giant Slalom normal"
      }
    }
  },
  {
    "n": {
"identity": 137,
"labels": [
        "Time"
      ],
"properties": {
"date": "2018/2/18 10:15"
      }
    }
  },
  {
    "n": {
"identity": 138,
"labels": [
        "Object"
      ],
"properties": {
"name": "Course",
"ObjType": "Giant Slalom Course"
      }
    }
  },
  {
    "n": {
"identity": 139,
"labels": [
        "Attribute"
      ],
"properties": {
"AtrType": "Course Name",
"value": "Rainbow 1"
      }
    }
  },
  {
    "n": {
"identity": 140,
"labels": [
        "Attribute"
      ],
"properties": {
"AtrType": "Start Altitude",
"value": "1405m"
      }
    }
  },
  {
    "n": {
"identity": 141,
"labels": [
        "Attribute"
      ],
"properties": {
"AtrType": "Finish Altitude",
"value": "965m"
      }
    }
  },
  {
    "n": {
"identity": 142,
"labels": [
        "Attribute"
      ],
"properties": {
"AtrType": "Gates",
"value": "53"
      }
    }
  },
  {
    "n": {
"identity": 143,
"labels": [
        "Attribute"
      ],
"properties": {
"AtrType": "Vertical Drop",
"value": "440m"
      }
    }
  },
  {
    "n": {
"identity": 144,
"labels": [
        "Attribute"
      ],
"properties": {
"AtrType": "Turning Gates",
"value": "51"
      }
    }
  },
  {
    "n": {
"identity": 145,
"labels": [
        "Event"
      ],
"properties": {
"name": "Ladies' Downhill"
      }
    }
  },
  {
    "n": {
"identity": 146,
"labels": [
        "State"
      ],
"properties": {
"name": "Ladies' Downhill normal"
      }
    }
  },
  {
    "n": {
"identity": 147,
"labels": [
        "Time"
      ],
"properties": {
"date": "2018/2/21 11:00"
      }
    }
  },
  {
    "n": {
"identity": 148,
"labels": [
        "Object"
      ],
"properties": {
"name": "Course",
"ObjType": "Downhill Course"
      }
    }
  },
  {
    "n": {
"identity": 149,
"labels": [
        "Attribute"
      ],
"properties": {
"AtrType": "Course Name",
"value": "Jeongseon Downhil"
      }
    }
  },
  {
    "n": {
"identity": 150,
"labels": [
        "Attribute"
      ],
"properties": {
"AtrType": "Start Altitude",
"value": "1275m"
      }
    }
  },
  {
    "n": {
"identity": 151,
"labels": [
        "Attribute"
      ],
"properties": {
"AtrType": "Finish Altitude",
"value": "545m"
      }
    }
  },
  {
    "n": {
"identity": 152,
"labels": [
        "Attribute"
      ],
"properties": {
"AtrType": "Course Length",
"value": "2775m"
      }
    }
  },
  {
    "n": {
"identity": 153,
"labels": [
        "Attribute"
      ],
"properties": {
"AtrType": "Gates",
"value": "38"
      }
    }
  },
  {
    "n": {
"identity": 154,
"labels": [
        "Attribute"
      ],
"properties": {
"AtrType": "Vertical Drop",
"value": "730m"
      }
    }
  },
  {
    "n": {
"identity": 155,
"labels": [
        "Event"
      ],
"properties": {
"name": "Men's Slalom"
      }
    }
  },
  {
    "n": {
"identity": 156,
"labels": [
        "State"
      ],
"properties": {
"name": "Men's Slalom normal"
      }
    }
  },
  {
    "n": {
"identity": 157,
"labels": [
        "Time"
      ],
"properties": {
"date": "2018/2/22 10:00"
      }
    }
  },
  {
    "n": {
"identity": 158,
"labels": [
        "Object"
      ],
"properties": {
"name": "Course",
"ObjType": "Slalom Course"
      }
    }
  },
  {
    "n": {
"identity": 159,
"labels": [
        "Attribute"
      ],
"properties": {
"AtrType": "Course Name",
"value": "Rainbow 1"
      }
    }
  },
  {
    "n": {
"identity": 160,
"labels": [
        "Attribute"
      ],
"properties": {
"AtrType": "Start Altitude",
"value": "1176m"
      }
    }
  },
  {
    "n": {
"identity": 161,
"labels": [
        "Attribute"
      ],
"properties": {
"AtrType": "Finish Altitude",
"value": "965m"
      }
    }
  },
  {
    "n": {
"identity": 162,
"labels": [
        "Attribute"
      ],
"properties": {
"AtrType": "Gates",
"value": "66"
      }
    }
  },
  {
    "n": {
"identity": 163,
"labels": [
        "Attribute"
      ],
"properties": {
"AtrType": "Vertical Drop",
"value": "211m"
      }
    }
  },
  {
    "n": {
"identity": 164,
"labels": [
        "Attribute"
      ],
"properties": {
"AtrType": "Turning Gates",
"value": "64"
      }
    }
  },
  {
    "n": {
"identity": 165,
"labels": [
        "Weather"
      ],
"properties": {
"date": "2018/2/24",
"name": "Weather",
"place": "Jeongseon Alpine Centre"
      }
    }
  },
  {
    "n": {
"identity": 166,
"labels": [
        "Event"
      ],
"properties": {
"name": "Alpine Team Event"
      }
    }
  },
  {
    "n": {
"identity": 167,
"labels": [
        "State"
      ],
"properties": {
"name": "Team Event normal"
      }
    }
  },
  {
    "n": {
"identity": 168,
"labels": [
        "Time"
      ],
"properties": {
"date": "2018/2/24 11:00"
      }
    }
  },
  {
    "n": {
"identity": 169,
"labels": [
        "Weather"
      ],
"properties": {
"date": "2018/2/23",
"name": "Weather",
"place": "Jeongseon Alpine Centre"
      }
    }
  },
  {
    "n": {
"identity": 170,
"labels": [
        "W_element"
      ],
"properties": {
"Etype": "Average wind speed",
"value": "12.0m/s"
      }
    }
  },
  {
    "n": {
"identity": 171,
"labels": [
        "W_element"
      ],
"properties": {
"value": "-4.0°C",
"Etype": "Temperature"
      }
    }
  },
  {
    "n": {
"identity": 172,
"labels": [
        "W_element"
      ],
"properties": {
"value": "60%",
"Etype": "Humidity"
      }
    }
  },
  {
    "n": {
"identity": 173,
"labels": [
        "W_element"
      ],
"properties": {
"value": "6km",
"Etype": "Visiblity"
      }
    }
  },
  {
    "n": {
"identity": 174,
"labels": [
        "W_element"
      ],
"properties": {
"value": "0mm",
"Etype": "Precip"
      }
    }
  },
  {
    "n": {
"identity": 175,
"labels": [
        "W_element"
      ],
"properties": {
"value": "0cm",
"Etype": "Snowfall"
      }
    }
  },
  {
    "n": {
"identity": 176,
"labels": [
        "Condition"
      ],
"properties": {
"date": "2018/2/23",
"Conditiontype": "Weather condition",
"place": "Jeongseon Alpine Centre"
      }
    }
  },
  {
    "n": {
"identity": 178,
"labels": [
        "Venuefacility"
      ],
"properties": {
"name": "Cableway",
"Type": "Object"
      }
    }
  },
  {
    "n": {
"identity": 179,
"labels": [
        "Object"
      ],
"properties": {
"name": "Competitors",
"event": "Ladies' Alpine Combined",
"ObjType": "Person"
      }
    }
  },
  {
    "n": {
"identity": 187,
"labels": [
        "W_element"
      ],
"properties": {
"Etype": "Average wind speed",
"value": "7.0m/s"
      }
    }
  },
  {
    "n": {
"identity": 188,
"labels": [
        "W_element"
      ],
"properties": {
"value": "-3.0°C",
"Etype": "Temperature"
      }
    }
  },
  {
    "n": {
"identity": 189,
"labels": [
        "W_element"
      ],
"properties": {
"value": "40%",
"Etype": "Humidity"
      }
    }
  },
  {
    "n": {
"identity": 190,
"labels": [
        "W_element"
      ],
"properties": {
"value": "15km",
"Etype": "Visiblity"
      }
    }
  },
  {
    "n": {
"identity": 191,
"labels": [
        "W_element"
      ],
"properties": {
"value": "0mm",
"Etype": "Precip"
      }
    }
  },
  {
    "n": {
"identity": 192,
"labels": [
        "W_element"
      ],
"properties": {
"value": "0cm",
"Etype": "Snowfall"
      }
    }
  },
  {
    "n": {
"identity": 193,
"labels": [
        "Weather"
      ],
"properties": {
"date": "2018/2/13",
"name": "Weather",
"place": "Jeongseon Alpine Centre"
      }
    }
  },
  {
    "n": {
"identity": 194,
"labels": [
        "W_element"
      ],
"properties": {
"Etype": "Average wind speed",
"value": "10.0m/s"
      }
    }
  },
  {
    "n": {
"identity": 195,
"labels": [
        "W_element"
      ],
"properties": {
"value": "-7.0°C",
"Etype": "Temperature"
      }
    }
  },
  {
    "n": {
"identity": 196,
"labels": [
        "W_element"
      ],
"properties": {
"value": "29%",
"Etype": "Humidity"
      }
    }
  },
  {
    "n": {
"identity": 197,
"labels": [
        "W_element"
      ],
"properties": {
"value": "15km",
"Etype": "Visiblity"
      }
    }
  },
  {
    "n": {
"identity": 198,
"labels": [
        "W_element"
      ],
"properties": {
"value": "0mm",
"Etype": "Precip"
      }
    }
  },
  {
    "n": {
"identity": 199,
"labels": [
        "W_element"
      ],
"properties": {
"value": "0cm",
"Etype": "Snowfall"
      }
    }
  },
  {
    "n": {
"identity": 200,
"labels": [
        "Weather"
      ],
"properties": {
"date": "2018/2/15",
"name": "Weather",
"place": "Jeongseon Alpine Centre"
      }
    }
  },
  {
    "n": {
"identity": 201,
"labels": [
        "W_element"
      ],
"properties": {
"Etype": "Average wind speed",
"value": "4.0m/s"
      }
    }
  },
  {
    "n": {
"identity": 202,
"labels": [
        "W_element"
      ],
"properties": {
"value": "-3.0°C",
"Etype": "Temperature"
      }
    }
  },
  {
    "n": {
"identity": 203,
"labels": [
        "W_element"
      ],
"properties": {
"value": "32%",
"Etype": "Humidity"
      }
    }
  },
  {
    "n": {
"identity": 204,
"labels": [
        "W_element"
      ],
"properties": {
"value": "15km",
"Etype": "Visiblity"
      }
    }
  },
  {
    "n": {
"identity": 205,
"labels": [
        "W_element"
      ],
"properties": {
"value": "0mm",
"Etype": "Precip"
      }
    }
  },
  {
    "n": {
"identity": 206,
"labels": [
        "W_element"
      ],
"properties": {
"value": "0cm",
"Etype": "Snowfall"
      }
    }
  },
  {
    "n": {
"identity": 207,
"labels": [
        "Weather"
      ],
"properties": {
"date": "2018/2/16",
"name": "Weather",
"place": "Jeongseon Alpine Centre"
      }
    }
  },
  {
    "n": {
"identity": 208,
"labels": [
        "W_element"
      ],
"properties": {
"Etype": "Average wind speed",
"value": "6.0m/s"
      }
    }
  },
  {
    "n": {
"identity": 209,
"labels": [
        "W_element"
      ],
"properties": {
"value": "-4.0°C",
"Etype": "Temperature"
      }
    }
  },
  {
    "n": {
"identity": 210,
"labels": [
        "W_element"
      ],
"properties": {
"value": "35%",
"Etype": "Humidity"
      }
    }
  },
  {
    "n": {
"identity": 211,
"labels": [
        "W_element"
      ],
"properties": {
"value": "15km",
"Etype": "Visiblity"
      }
    }
  },
  {
    "n": {
"identity": 212,
"labels": [
        "W_element"
      ],
"properties": {
"value": "0mm",
"Etype": "Precip"
      }
    }
  },
  {
    "n": {
"identity": 213,
"labels": [
        "W_element"
      ],
"properties": {
"value": "0cm",
"Etype": "Snowfall"
      }
    }
  },
  {
    "n": {
"identity": 214,
"labels": [
        "Weather"
      ],
"properties": {
"date": "2018/2/17",
"name": "Weather",
"place": "Jeongseon Alpine Centre"
      }
    }
  },
  {
    "n": {
"identity": 215,
"labels": [
        "W_element"
      ],
"properties": {
"Etype": "Average wind speed",
"value": "9.0m/s"
      }
    }
  },
  {
    "n": {
"identity": 216,
"labels": [
        "W_element"
      ],
"properties": {
"value": "-9.0°C",
"Etype": "Temperature"
      }
    }
  },
  {
    "n": {
"identity": 217,
"labels": [
        "W_element"
      ],
"properties": {
"value": "30%",
"Etype": "Humidity"
      }
    }
  },
  {
    "n": {
"identity": 218,
"labels": [
        "W_element"
      ],
"properties": {
"value": "15km",
"Etype": "Visiblity"
      }
    }
  },
  {
    "n": {
"identity": 219,
"labels": [
        "W_element"
      ],
"properties": {
"value": "0mm",
"Etype": "Precip"
      }
    }
  },
  {
    "n": {
"identity": 220,
"labels": [
        "W_element"
      ],
"properties": {
"value": "0cm",
"Etype": "Snowfall"
      }
    }
  },
  {
    "n": {
"identity": 221,
"labels": [
        "Action"
      ],
"properties": {
"name": "postponed"
      }
    }
  },
  {
    "n": {
"identity": 241,
"labels": [
        "Condition"
      ],
"properties": {
"Conditiontype": "Weather condition",
"num": 1
      }
    }
  },
  {
    "n": {
"identity": 242,
"labels": [
        "Action"
      ],
"properties": {
"name": "postponed"
      }
    }
  },
  {
    "n": {
"identity": 243,
"labels": [
        "Condition"
      ],
"properties": {
"Conditiontype": "Weather condition",
"num": 2
      }
    }
  },
  {
    "n": {
"identity": 244,
"labels": [
        "W_element"
      ],
"properties": {
"value": "<200m",
"Etype": "Visiblity"
      }
    }
  },
  {
    "n": {
"identity": 261,
"labels": [
        "W_element"
      ],
"properties": {
"value": ">17.0m/s",
"Etype": "wind speed"
      }
    }
  },
  {
    "n": {
"identity": 262,
"labels": [
        "W_element"
      ],
"properties": {
"value": ">17.0m/s",
"Etype": "wind speed"
      }
    }
  },
  {
    "n": {
"identity": 263,
"labels": [
        "Action"
      ],
"properties": {
"name": "cancelled"
      }
    }
  },
  {
    "n": {
"identity": 264,
"labels": [
        "W_element"
      ],
"properties": {
"value": "< -20.0°C",
"Etype": "Temperature"
      }
    }
  },
  {
    "n": {
"identity": 265,
"labels": [
        "W_element"
      ],
"properties": {
"value": ">11.0m/s",
"Etype": "wind speed"
      }
    }
  },
  {
    "n": {
"identity": 266,
"labels": [
        "Condition"
      ],
"properties": {
"Conditiontype": "Weather condition",
"num": 3
      }
    }
  },
  {
    "n": {
"identity": 267,
"labels": [
        "Action"
      ],
"properties": {
"name": "normal"
      }
    }
  },
  {
    "n": {
"identity": 268,
"labels": [
        "W_element"
      ],
"properties": {
"value": "> -20.0°C",
"Etype": "Temperature"
      }
    }
  },
  {
    "n": {
"identity": 269,
"labels": [
        "W_element"
      ],
"properties": {
"value": ">2cm",
"Etype": "Snowfall"
      }
    }
  },
  {
    "n": {
"identity": 270,
"labels": [
        "W_element"
      ],
"properties": {
"value": ">500m",
"Etype": "Visiblity"
      }
    }
  },
  {
    "n": {
"identity": 271,
"labels": [
        "Condition"
      ],
"properties": {
"Conditiontype": "Weather condition",
"num": 4
      }
    }
  },
  {
    "n": {
"identity": 272,
"labels": [
        "Greeting"
      ],
"properties": {
"message": "Greeting"
      }
    }
  }
]